{
  "training_date": "2025-07-24T15:31:15.221694",
  "data_directory": "trakt_data",
  "num_users": 1000,
  "num_movies": 3822,
  "num_ratings": 123333,
  "hidden_channels": 64,
  "learning_rate": 0.001,
  "epochs": 100,
  "final_loss": 0.0617535226047039,
  "best_loss": 0.059730712324380875,
  "total_training_time": 14.98512578010559,
  "avg_time_per_epoch": 0.1498512578010559,
  "device_used": "cpu",
  "gpu_name": "CPU",
  "model_path": "models/trakt_gnn_model.pth",
  "target_movies": 10000
}